{"lambda_": 1.0, "sigma": 0.07, "alpha_base": 2.0, "beta_base": 0.02, "gamma_base": 1.0, "CL_GLN_base": 0.1, "CL_CAM_base": 0.1, "CL_INS_base": 0.1, "t_0_input": 0, "tau_grid_input": 0.1, "INS_check_coeff": 400, "tau_grid": 0.01, "t_0": 400, "t_end": 4720, "HeartRate": 80, "k_BMR_Glu_ef": 0.01, "k_BMR_AA_ef": 0.01, "K_BMR_FFF_ef": 0.01, "K_BMR_KB_ef": 0.01, "inv_beta_KB_ef": 1.9342359767891681, "inv_beta_Glu_ef": 1.430615164520744, "inv_beta_AA_ef": 2.706359945872801, "inv_beta_FFA_ef": 0.4139758238118894, "inv_beta_Muscle": 2.706359945872801, "inv_beta_GG_m": 1.430615164520744, "inv_beta_TG_a": 0.13799194127062978, "inv_beta_GG_h": 1.430615164520744, "E_day": 1500, "e_sigma": 1.0416666666666667, "beta_KB_ef": 0.517, "beta_Glu_ef": 0.699, "beta_AA_ef": 0.3695, "beta_FFA_ef": 2.4156, "beta_Muscle": 0.3695, "beta_GG_m": 0.699, "beta_TG_a": 7.2468, "beta_GG_h": 0.699, "velocity_depot": 10.0, "power_of_coeff": 1e-05, "j_base": 5.01, "Имя": "", "Рост": 170.0, "Вес": 70.0, "Возраст": 25, "Пол": "Женщина", "Масса мышечной ткани": 30.0, "Масса жировой ткани": 20.0, "Уровень глюкозы": 3.5, "Уровень ТАГ крови": 1.0}